{
    "AverageGeographyBased": {
        "France": 650.2846096283363,
        "Spain": 650.7428571428571,
        "Germany": 649.3172932330828
    },
    "SalaryGenderBased": {
        "Male": 99744.58166282847,
        "Female": 100748.55092425483
    },
    "AverageCreditScoreTenureBased": {
        "0": 655.4480712166172,
        "1": 648.8136419001218,
        "2": 653.6682867557715,
        "3": 649.9568965517242,
        "4": 647.4836272040302,
        "5": 649.6744759556103,
        "6": 647.8575129533679,
        "7": 649.859543817527,
        "8": 646.700477326969,
        "9": 651.9859693877551,
        "10": 657.1016042780749
    },
    "AverageBalanceAgeBased": {
        "18-29": 74153.9283524905,
        "30-39": 75574.40117630133,
        "40-49": 77853.34581939793,
        "50-59": 85426.58722379604,
        "60-69": 78857.00312080537,
        "70-79": 68585.37712962962,
        "80-89": 30214.488,
        "90+": 123794.775
    }
}